{"farPlane": 466.514, "nearPlane": 11.4935, "upVector": [  -0.0379413, -0.989639, 0.138472], "targetPosition": [  0, -30, -10], "eyePosition": [  95.2961, -62.5665, -216.636]}